naam;specs;cat;pref;backup;volgw;opm
2032 batterijen;;batterijen;OKAY;SPAR;2070;
6 appelsienen;;fruit;OKAY;SPAR;1610;
AAA-batterijen;;batterijen;OKAY;SPAR;2040;
AA-batterijen;;batterijen;OKAY;SPAR;2030;
aanstekers;;batterijen;OKAY;SPAR;2050;
aardappelen bloem aardappelen;;keuken;OKAY;SPAR;980;
aardbeien 2 doosjes;;fruit;OKAY;SPAR;1680;
after sun voor kinderen;;persoonlijk;OKAY;SPAR;1040;
ajuin;;keuken;OKAY;SPAR;990;
alpro vanille;;melk;OKAY;SPAR;1790;
aluminium folie;;logistiek;OKAY;SPAR;810;
americain natuur;;beleg;OKAY;SPAR;1390;
americain prepare;;beleg;OKAY;SPAR;1140;
amerikaanse saus;;sausen ed;OKAY;SPAR;380;
appelen;;fruit;OKAY;SPAR;1660;
appelsien pers;;fruit;OKAY;SPAR;1620;
appelsiensap;;drank;OKAY;SPAR;1820;
arachideolie;;keuken;OKAY;SPAR;390;
augurken;;sausen ed;OKAY;SPAR;210;
balsamico;;sausen ed;OKAY;SPAR;470;
bami goreng;;maaltijd;OKAY;SPAR;1720;
bananen;;fruit;OKAY;SPAR;1080;
basilicum met wortel;;kruiden;OKAY;SPAR;1710;
bâton dunne salami worst;;beleg;OKAY;SPAR;1090;
bechamel;;keuken;OKAY;SPAR;220;
betterfood;;ontbijt;OKAY;SPAR;1020;
blauwe vuilzakken;;logistiek;OKAY;SPAR;770;
boter;;melk;OKAY;SPAR;1270;
boter 2 pakken;;melk;OKAY;SPAR;1280;
boterhamzakjes 5 L en 1 L;;logistiek;OKAY;SPAR;790;
brood donker;;brood;Bakker;OKAY;1860;
brood lichtbruin;;brood;Bakker;OKAY;1850;
bruin frans brood;;brood;Bakker;OKAY;1830;
bruine kinderkessuiker;;ontbijt;OKAY;SPAR;230;
bruine rijst;;keuken;OKAY;SPAR;240;
bruisend water bru?;;drank;OKAY;SPAR;920;
canderelsuiker;;drank;OKAY;SPAR;250;
cashew noten;;snack;OKAY;SPAR;45;
cervela;;snack;OKAY;SPAR;1480;
cesar salad;;maaltijd;OKAY;SPAR;1320;
champignons;;groenten;OKAY;SPAR;1530;
chili pepers;;groenten;OKAY;SPAR;1540;
chips paprika;;snack;OKAY;SPAR;20;
chips zout;;snack;OKAY;SPAR;30;
choco;;ontbijt;OKAY;SPAR;260;
chocolade of zo;;snack;OKAY;SPAR;140;
chocoladeijs;;snack;OKAY;SPAR;1950;
Citroenconcentraat voor frisdrank;;drank;OKAY;SPAR;50;
citroenijs;;snack;OKAY;SPAR;1960;
cola 6 blikjes (gewone);;drank;OKAY;SPAR;870;
cola zero;;drank;OKAY;SPAR;880;
confituur rabarber aardbei;;ontbijt;OKAY;SPAR;80;
contrefillet rund;;vlees;OKAY;SPAR;1410;
cordon bleu;;vlees;OKAY;SPAR;1470;
corn flakes [DUBBEL];;ontbijt;OKAY;SPAR;100;
couscous;;keuken;OKAY;SPAR;270;
dentastix;;dier;OKAY;SPAR;720;
dethol citroen;;logistiek;OKAY;SPAR;580;
diepvries champignons;;groenten;OKAY;SPAR;1895;
diepvriesgroenten catalaans 2x;;groenten;OKAY;SPAR;1970;
diepvriesgroenten mediteraan 2x;;groenten;OKAY;SPAR;1980;
diepvriesgroenten mix pierre;;keuken;OKAY;SPAR;1930;
diepvriesgroenten spinazie, bloe...;;groenten;OKAY;SPAR;1890;
diepvrieskroketten;;keuken;OKAY;SPAR;1920;
diepvriessoepgroenten;;groenten;OKAY;SPAR;1940;
dikke ribbetjes;;vlees;OKAY;SPAR;1400;
dille met wortel;;groenten;OKAY;SPAR;1600;
doggybagzakken met sluiting;;logistiek;OKAY;SPAR;800;
douchegel;;persoonlijk;OKAY;SPAR;1060;
droge worstjes;;snack;OKAY;SPAR;1330;
druiven;;fruit;OKAY;SPAR;1670;
effi of becel;;keuken;OKAY;SPAR;1190;
eieren;;keuken;OKAY;SPAR;1210;
energierepen;;snack;OKAY;SPAR;130;
engelse saus;;sausen ed;OKAY;SPAR;480;
entrecôte rund;;vlees;OKAY;SPAR;1380;
evian Louis water;;drank;OKAY;SPAR;820;
fanta 6 blikjes;;drank;OKAY;SPAR;830;
fish sticks;;vis;OKAY;SPAR;1990;
fles bruin piedboeuf;;drank;OKAY;SPAR;940;
Fondue enkel opwarmen;;maaltijd;OKAY;SPAR;1300;
frietjes diepvries;;keuken;OKAY;SPAR;1900;
frisk fresh effect of iets gelijkaardigs;;snack;OKAY;SPAR;150;
frituurolie;;keuken;OKAY;SPAR;280;
gehakt gemengd 1 kilo;;keuken;OKAY;SPAR;1430;
gehakt varken kalf voor de boterh...;;beleg;OKAY;SPAR;1440;
gehakt voor balletjes 1 kg gemeng...;;vlees;OKAY;SPAR;1450;
geld afhalen;;rest;OKAY;SPAR;2080;
gemalen kaas;;melk;OKAY;SPAR;1310;
gini;;drank;OKAY;SPAR;840;
glansmiddel vaatwas;;logistiek;OKAY;SPAR;660;
gorgonzola;;melk;OKAY;SPAR;1290;
gourgette;;groenten;OKAY;SPAR;1585;
griekse pasta;;keuken;OKAY;SPAR;290;
groene kool;;groenten;OKAY;SPAR;1580;
hagelslag fondant;;ontbijt;OKAY;SPAR;160;
handwaszeep;;persoonlijk;OKAY;SPAR;1050;
harissa;;sausen ed;OKAY;SPAR;300;
havermout;;ontbijt;OKAY;SPAR;70;
hollandaise;;sausen ed;OKAY;SPAR;310;
honing;;ontbijt;OKAY;SPAR;320;
Houtskool;;rest;OKAY;SPAR;1100;
huishoudpapier;;logistiek;OKAY;SPAR;740;
ice tea;;drank;OKAY;SPAR;850;
ijsjes;;snack;OKAY;SPAR;2000;
instanet;;logistiek;OKAY;SPAR;620;
jumbone;;dier;OKAY;SPAR;730;
jupiler;;drank;OKAY;SPAR;930;
kaas;;melk;OKAY;SPAR;1180;
kabeljauw (geen haasje);;vis;OKAY;SPAR;1350;
karnemelk;;melk;OKAY;SPAR;1810;
kartonnen dozen;;rest;OKAY;;2110;
ketchup;;sausen ed;OKAY;SPAR;400;
Kip;;vlees;OKAY;SPAR;1360;
kippegehakt;;vlees;OKAY;SPAR;1370;
kiwi;;fruit;OKAY;SPAR;1630;
klontjes suiker;;drank;OKAY;SPAR;330;
koffie;;drank;OKAY;SPAR;170;
komkommer;Molly;groenten;OKAY;SPAR;1500;
kristal suiker (voor brood);;ontbijt;OKAY;SPAR;340;
kruidenboter;;melk;OKAY;SPAR;1220;
lasagne;;maaltijd;OKAY;SPAR;1750;
loempia;;maaltijd;OKAY;SPAR;1870;
look;;keuken;OKAY;SPAR;970;
lookpaste;;kruiden;OKAY;SPAR;499;
maaltijd Bea;;maaltijd;OKAY;SPAR;1740;
macaroni;;maaltijd;OKAY;SPAR;1730;
Magnum;;snack;OKAY;SPAR;2010;
mandarijntjes, geen doos, aan de...;;fruit;OKAY;SPAR;1640;
martini wit;;drank;OKAY;SPAR;43;
martino;;beleg;OKAY;SPAR;1150;
Mayo devos lemmens ei;;sausen ed;OKAY;SPAR;410;
mosterd;;sausen ed;OKAY;SPAR;420;
moussaka;;maaltijd;OKAY;SPAR;1740;
muesli (gedroogd fruit & granen);;ontbijt;OKAY;SPAR;90;
muizenoortjes;;groenten;OKAY;SPAR;1550;
nesquick;;drank;OKAY;SPAR;180;
nicola aardappelen 5 kilo;;keuken;OKAY;SPAR;1000;
nootjes;gezouten;snack;OKAY;SPAR;40;
oetker pizza;;maaltijd;OKAY;SPAR;1690;
olijfolie;;keuken;OKAY;SPAR;510;
ontkalker koffiezet;;onderhoud;OKAY;SPAR;190;
ontstopper;;logistiek;OKAY;SPAR;560;
ontvochtingszout;;logistiek;OKAY;SPAR;570;
oorstokjes;;persoonlijk;OKAY;SPAR;1030;
oude batterijen en bruisgasflessen leeg;;leeggoed;OKAY;;10;
paddestoelen;;groenten;OKAY;SPAR;1535;
pannenkoeken;;snack;OKAY;SPAR;1170;
philadelphia;;beleg;OKAY;SPAR;1230;
pickels;;sausen ed;OKAY;SPAR;430;
pims boni;;snack;OKAY;SPAR;200;
plat water contrex 2 à 4 flessen;;drank;OKAY;SPAR;910;
platte kaas vol 3 dozen;;beleg;OKAY;SPAR;1200;
platte kaasjes voor Louis;;melk;OKAY;SPAR;1760;
platte perziken;;fruit;OKAY;SPAR;1650;
prei veel wit;;groenten;OKAY;SPAR;1490;
pruimen;;groenten;OKAY;SPAR;2090;
raclettekaas;;beleg;OKAY;SPAR;1240;
red bull;;drank;OKAY;SPAR;950;
Regenereerzout vaatwas;;logistiek;OKAY;SPAR;670;
reinigingspray ruiten open haard;;logistiek;OKAY;SPAR;550;
ribbetjes;;vlees;OKAY;SPAR;1420;
rode ajuin;;keuken;OKAY;SPAR;1010;
room om ijskreem te maken;;melk;OKAY;SPAR;1250;
rozemarijn poedervorm;;kruiden;OKAY;SPAR;498;
salami & kaasblokjes;;snack;OKAY;SPAR;1160;
salami met look;;beleg;OKAY;SPAR;2100;
Samourai;;sausen ed;OKAY;SPAR;440;
scheermesjes mach3;;persoonlijk;OKAY;SPAR;2060;
schweppes mochitto;;drank;OKAY;SPAR;860;
schweppes zero;;drank;OKAY;SPAR;890;
servetten;;logistiek;OKAY;SPAR;750;
shampoo;;persoonlijk;OKAY;SPAR;900;
skyr;;melk;OKAY;SPAR;1800;
sla 3 kleuren met wortel;;groenten;OKAY;SPAR;1570;
soda-reiniger;;logistiek;OKAY;SPAR;640;
sodastream volle fles;;drank;OKAY;SPAR;450;
soepgroenten;;groenten;OKAY;SPAR;1910;
solo vloeibaar bak;;melk;OKAY;SPAR;1260;
spaghetti groenten;;groenten;OKAY;SPAR;1575;
spaghettigroenten 3 zakjes;;keuken;OKAY;SPAR;1700;
speculoos everyday;;snack;OKAY;SPAR;110;
speculoospasta;;ontbijt;OKAY;SPAR;120;
spek blokjes gerookt;;beleg;OKAY;SPAR;1110;
spek sneden;;beleg;OKAY;SPAR;1120;
spiering varken;;vlees;OKAY;SPAR;1460;
spitskool;;groenten;OKAY;SPAR;1590;
spoelmiddel vaatwas;;vaatwas;OKAY;SPAR;680;
spray dettol ajax;;logistiek;OKAY;SPAR;590;
spray schimmel voegen badkamer;;logistiek;OKAY;SPAR;600;
steradent waterleidingreiniger;;logistiek;OKAY;SPAR;650;
swifferdoekjes;;logistiek;OKAY;SPAR;710;
tabasco;;sausen ed;OKAY;SPAR;490;
tagliatelli;;keuken;OKAY;SPAR;350;
tandpasta;;persoonlijk;OKAY;SPAR;1070;
tomaten;;groenten;OKAY;SPAR;1510;
tomatenconcentraat;;keuken;OKAY;SPAR;370;
vaatwastabletten;;vaatwas;OKAY;SPAR;690;
vanilleijs;;snack;OKAY;SPAR;2020;
vers spek ongezouten sneetjes;;beleg;OKAY;SPAR;1130;
volle melk 12L;;drank;OKAY;SPAR;60;
voorgebakken frietjes;;keuken;OKAY;SPAR;1880;
wasmachinereiniger;;logistiek;OKAY;SPAR;610;
wasmiddel kleur;;was;OKAY;SPAR;520;
wasmiddel voor witte was;;was;OKAY;SPAR;530;
wasverzachter;;was;OKAY;SPAR;540;
wc cleaner met klem op wc pot;;logistiek;OKAY;SPAR;700;
WC papier;;logistiek;OKAY;SPAR;760;
wenskaarten;;special;OKAY;SPAR;960;
wit caréken;;brood;OKAY;SPAR;1840;
witloof;;groenten;OKAY;SPAR;1520;
witte wijn azijn;;keuken;OKAY;SPAR;500;
wortelen;;groenten;OKAY;SPAR;1560;
yoghurt;;melk;OKAY;SPAR;1770;
yoghurt natuur witte producten 1/2L;;melk;OKAY;SPAR;1780;
zalm;;vis;OKAY;SPAR;1340;
zout;;sausen ed;OKAY;SPAR;360;
zwarte schoensmeer;;logistiek;OKAY;SPAR;460;
zwarte vuilzakken;;logistiek;OKAY;SPAR;630;
zwarte vuilzakken;;logistiek;OKAY;SPAR;780;
